<?xml version="1.0" encoding="UTF-8" standalone="no"?>
<feature id="org.wso2.carbon.metrics.core" label="WSO2 Carbon Metrics Core Feature" provider-name="%providerName" version="2.0.1.SNAPSHOT">
  <description>This feature contains the core bundles required by the Metrics</description>
  <copyright>%copyright</copyright>
  <license url="%licenseURL">%license</license>
  <plugin id="io.dropwizard.metrics.core" unpack="false" version="3.1.2"/>
  <plugin id="org.wso2.carbon.metrics.core" unpack="false" version="2.0.1.SNAPSHOT"/>
  <plugin id="io.dropwizard.metrics.jvm" unpack="false" version="3.1.2"/>
  <require>
    <import feature="org.wso2.carbon.kernel" match="compatible" version="5.1.0"/>
  </require>
</feature>
