<?xml version="1.0" encoding="UTF-8" standalone="no"?>
<feature id="org.wso2.msf4j" label="WSO2 MSF4J Feature" provider-name="%providerName" version="2.0.0">
  <description>This feature contains the core bundles required by the MSF4J feature</description>
  <copyright>%copyright</copyright>
  <license url="%licenseURL">%license</license>
  <plugin id="com.fasterxml.jackson.core.jackson-annotations" unpack="false" version="2.7.4"/>
  <plugin id="org.apache.servicemix.bundles.commons-beanutils" unpack="false" version="1.8.3.2"/>
  <plugin id="javax.validation.api" unpack="false" version="1.1.0.Final"/>
  <plugin id="reflections" unpack="false" version="0.9.10.wso2v1"/>
  <plugin id="msf4j-analytics" unpack="false" version="2.0.0"/>
  <plugin id="com.fasterxml.jackson.core.jackson-databind" unpack="false" version="2.7.4"/>
  <plugin id="io.swagger.jaxrs" unpack="false" version="1.5.8"/>
  <plugin id="com.fasterxml.jackson.core.jackson-core" unpack="false" version="2.7.4"/>
  <plugin id="commons-io" unpack="false" version="2.4.0.wso2v1"/>
  <plugin id="javax.ws.rs-api" unpack="false" version="2.0"/>
  <plugin id="io.swagger.annotations" unpack="false" version="1.5.8"/>
  <plugin id="javax.servlet-api" unpack="false" version="3.1.0"/>
  <plugin id="com.fasterxml.jackson.dataformat.jackson-dataformat-yaml" unpack="false" version="2.7.4"/>
  <plugin id="jaxrs-delegates" unpack="false" version="2.0.0"/>
  <plugin id="io.swagger.core" unpack="false" version="1.5.8"/>
  <plugin id="com.google.gson" unpack="false" version="2.2.4"/>
  <plugin id="org.apache.commons.lang3" unpack="false" version="3.4.0"/>
  <plugin id="com.google.guava" unpack="false" version="18.0.0"/>
  <plugin id="io.swagger.models" unpack="false" version="1.5.8"/>
  <plugin id="msf4j-core" unpack="false" version="2.0.0"/>
  <plugin id="javassist" unpack="false" version="3.19.0.GA"/>
  <require>
    <import feature="org.wso2.carbon.metrics.jdbc.core" match="compatible" version="2.0.0"/>
    <import feature="org.wso2.carbon.messaging" match="compatible" version="1.0.4"/>
    <import feature="org.wso2.carbon.metrics.das.core" match="compatible" version="2.0.0"/>
    <import feature="org.wso2.carbon.transport.http.netty" match="compatible" version="2.1.2"/>
  </require>
</feature>
